id,first_name,last_name,email
30266,Fernando,Guillen,vcarrasquillo@live.com
9465,Guillermo2,Carrasquillo,daniel90@rosario.com.es
2900,Jon,Espinal,rquintana@hotmail.com
41003,Alejandra,Ceja,isaac.montero@ozuna.com
3,"Juan José",Macías,gerard.espinosa@bernal.org
5179,Nil,Caldera,antonio.hernandez@salazar.com
1918,Mateo,Banda,mariapilar57@latinmail.com
45733348,Helena,Estévez,carlos26@hotmail.es
515,Nora,Valero,samuelterra.com
362755699,Rafael,Juan,ivasquez@narvaez.net
22794,Sofía,Carrillo,iavalos@castano.com
89,Alejandro,Santana,krodarte@hotmail.es
4414721,Jesús,Navarrete,villalpando.nicolai.com
379391,Aitana,Vila,caro.vega@hispavista.com
6889123,Pedro,Palacios,oquendo.jordi@hotmail.es
549260,Izan,Andrés,jcastellano@exposito.com
2365,Alexia,Jurado,yolanda.cruz@calero.org
2612123,Ana,Barroso,castillo.gael@live.com
7515335,Nayara,Bueno,abril.gaitan@hispavista.com
8296,Miriam,Redondo,emilia23@hispavisom
3297,Aleix,Toledo,villanueva.luisa@gmail.com
805850011,Saúl,Hernández,imares@hispavista.com
16187,Victoria,Padilla,alexandra54@gmail.com
8,Claudia,Nevárez,qcepeda@gmail.com
4726,Mireia,Guerra,cortes.alejandra@chacon.es
68073,Óscar,Vanegas,galcantar@live.com
8199117,"Ana María",Zelaya,aguayo.mariaangeles@menendez.com.es
968391342,Marta,Cisneros,carbajal.luis@terra.com
47879388,Carlota,Garrido,baeza.alba@yahoo.com
1862095,Guillermo,Lucas,collado.miguel@latinmail.com
117,Celia,Alcántar,daniel.olivas@veliz.org
62206545,Andrés,Tijerina,alonso.izan@hotmail.es
3595259,Raquel,Reséndez,navas.teresa@live.com
5,Helena,"De la Fuente",osorio.pedro@hotmail.com
665492126,Naia,Acosta,jmiguel@yahoo.com
784266,Nicolás,Resén2dez,ecasares@bermudez.org
6,Alberto,Carballo,sonia.oliva@live.com
234,Laia,Villalba,munguia.samuel@cortez.es
43199931,Miguel,Piñeiro,upardo@yahoo.com
1,Fernando,Ávila,noriega.diego@hispavista.com
1,Saúl,Peláez,millan.josemanuel@hotmail.es
39,Izan,Carvajal,hhernadez@yahoo.com
935690517,"Juan José",Burgos,hsisneros@arenas
649,Jan,Bermejo,nsantamaria@hotmail.com
0,Adriana,Mayorga,bdominguez@bernal.com
3038,Elsa,Plaza,martina43@becerra.com
3,Guillem,Mayorga,ana73@armas.org
61,Fátima,Marín,espino.juanjose@hispavista.com
45777,Noelia,Cedillo,cesar20@hispavista.com
19060856,Amparo,Lucio,luisa64@yahoo.es
46774,Francisca,González,adriana.ornelas@valles.com.es
3777183,Elsa,Martos,alonso.jon@live.com
14699,"Miguel Ángel",Galarza,nil.villalobos@loya.com
148698551,Martina,Miranda,dario.herrero@yahoo.es
5166,Esther,Urrutia,valladares.blanca@hotmail.com
340020267,Hu2go,Zelaya,carbajal.encarnacion@latinmail.com
665,Abril,Becerra,alberto52@hispavista.com
1,Helena,Olivera,roberto69@hispavista.com
4,"Rosa María",Saavedra,unai93@resendez.es
88392,Leo,Gastélum,caban.zoe@plaza.org
70889,Ona,Gonzáles,aybarra@live.com
6688,Iván,Moya,pascual.andres@amaya.com
202979,Ángela,Redondo,valentina.cano@hispavista.com
844405,Nerea,Rojas,rosa99@hispavista.com
83,Cristian,Aparicio,adrian.varela@covarrubias.com
5,Óscar,Domínquez,nil15@olivo.org22244
4,Paola,Alcántar,galvan.alex4@4sedillo.es
8477887,Lara,Orellana,mdeanda@asensio.com
8555682,Biel,Toledo,barragan.naiara@rico.com.es
899386,Olivia,Rangel,drosado@acosta.es
997,Guillermo,Heredia,blanca.zapata@delgadillo.com.es
1938581,Óscar,Valle,noa.sanchez@hispavista.com
9567,Andrés,Casanova,pgranados@hotmail.es
649503,Marcos,Candelaria,esquivel.franciscojavier@latinmail.com
27,Paula,Villalobos,rivera.marcos@hotmail.com
50,Santiago,Jurado,joel23@mateo.org
49612,Lorena,Gallegos,lescalante@saenz.com
75,Laura,Mireles,angeles.rojo@yahoo.com
7896730,Carlos,Alva,bruno80@hotmail.es
3320623,Ander,Irizarry,hportillo@yahoo.com
480971,Yago,Nevárez,pol.porras@alonzo.com
514016,Lola,Quesada,zgarza@yahoo.com
2231920,Óscar,Feliciano,manuel20@vega.com
730358,Olivia,Cuevas,oriol36@deanda.es
222780,Nicolás,Delrío,aleix.caban@zelaya.net
25,Biel,Rodarte,salcido.angel@live.com
12203,"María Carmen",Luis,moran.carmen@alonzo.com
369032,Rayan,Saavedra,david.alcaraz@latinmail.com
477,Candela,Román,eric.narvaez@maestas.org
6380732,Alexia,Gastélum,kespinoza@terra.com
1634,Jan,Olivo,anaisabel.herrera@hotmail.com
41634,Alejandra,Abeyta,esquivel.asier@valdes.com
41872,Diego,Medina,valadez.gael@hotmail.com
66434432,Pablo,Gallegos,miguelangel.rivas@segovia.com.es
44844535,Fátima,Asensio,nreyes@terra.com
8,Pau,Ávila,rios.julia@oquendo.es
500663,,Crespo,tfeliciano@hispavista.com
58,Aitana,Zayas,silvia.millanbecerra.com.es
Eric,Tamayormatiashotmail.es
3285353,Rayan,Vergara
